URL,continent,Weekofyear,Streams,Track Name,Artist
https://open.spotify.com/track/6RUKPb4LETWmmr3iAEQktW,GLOBAL,2017W08,30713454.333333332,Something Just Like This,The Chainsmokers
https://open.spotify.com/track/6RUKPb4LETWmmr3iAEQktW,Europe,2017W08,10540029.5,Something Just Like This,The Chainsmokers
https://open.spotify.com/track/6RUKPb4LETWmmr3iAEQktW,North America,2017W08,9186998.799999999,Something Just Like This,The Chainsmokers
https://open.spotify.com/track/6RUKPb4LETWmmr3iAEQktW,Asia,2017W08,3355347.8000000003,Something Just Like This,The Chainsmokers
https://open.spotify.com/track/6RUKPb4LETWmmr3iAEQktW,South America,2017W08,1726541.25,Something Just Like This,The Chainsmokers
https://open.spotify.com/track/6RUKPb4LETWmmr3iAEQktW,Oceania,2017W08,1136808.75,Something Just Like This,The Chainsmokers
https://open.spotify.com/track/6RUKPb4LETWmmr3iAEQktW,GLOBAL,2017W09,30604350.0,Something Just Like This,The Chainsmokers
https://open.spotify.com/track/6RUKPb4LETWmmr3iAEQktW,Europe,2017W09,12670294.0,Something Just Like This,The Chainsmokers
https://open.spotify.com/track/6RUKPb4LETWmmr3iAEQktW,North America,2017W09,10224560.0,Something Just Like This,The Chainsmokers
https://open.spotify.com/track/6RUKPb4LETWmmr3iAEQktW,Asia,2017W09,4330710.0,Something Just Like This,The Chainsmokers
https://open.spotify.com/track/6RUKPb4LETWmmr3iAEQktW,South America,2017W09,1881876.0,Something Just Like This,The Chainsmokers
https://open.spotify.com/track/6RUKPb4LETWmmr3iAEQktW,Oceania,2017W09,1435369.0,Something Just Like This,The Chainsmokers
https://open.spotify.com/track/6RUKPb4LETWmmr3iAEQktW,GLOBAL,2017W10,29197158.666666664,Something Just Like This,The Chainsmokers
https://open.spotify.com/track/6RUKPb4LETWmmr3iAEQktW,Europe,2017W10,12622239.0,Something Just Like This,The Chainsmokers
https://open.spotify.com/track/6RUKPb4LETWmmr3iAEQktW,North America,2017W10,9259155.0,Something Just Like This,The Chainsmokers
https://open.spotify.com/track/6RUKPb4LETWmmr3iAEQktW,Asia,2017W10,3925768.0,Something Just Like This,The Chainsmokers
https://open.spotify.com/track/6RUKPb4LETWmmr3iAEQktW,South America,2017W10,1891663.0,Something Just Like This,The Chainsmokers
https://open.spotify.com/track/6RUKPb4LETWmmr3iAEQktW,Oceania,2017W10,1386954.0,Something Just Like This,The Chainsmokers
https://open.spotify.com/track/6RUKPb4LETWmmr3iAEQktW,GLOBAL,2017W11,27833838.0,Something Just Like This,The Chainsmokers
https://open.spotify.com/track/6RUKPb4LETWmmr3iAEQktW,Europe,2017W11,12227575.0,Something Just Like This,The Chainsmokers
https://open.spotify.com/track/6RUKPb4LETWmmr3iAEQktW,North America,2017W11,8508037.0,Something Just Like This,The Chainsmokers
https://open.spotify.com/track/6RUKPb4LETWmmr3iAEQktW,Asia,2017W11,3720754.9999999995,Something Just Like This,The Chainsmokers
https://open.spotify.com/track/6RUKPb4LETWmmr3iAEQktW,South America,2017W11,2015390.0,Something Just Like This,The Chainsmokers
https://open.spotify.com/track/6RUKPb4LETWmmr3iAEQktW,Oceania,2017W11,1308111.0,Something Just Like This,The Chainsmokers
https://open.spotify.com/track/6RUKPb4LETWmmr3iAEQktW,GLOBAL,2017W12,26731237.0,Something Just Like This,The Chainsmokers
https://open.spotify.com/track/6RUKPb4LETWmmr3iAEQktW,Europe,2017W12,11613739.0,Something Just Like This,The Chainsmokers
https://open.spotify.com/track/6RUKPb4LETWmmr3iAEQktW,North America,2017W12,8340554.0,Something Just Like This,The Chainsmokers
https://open.spotify.com/track/6RUKPb4LETWmmr3iAEQktW,Asia,2017W12,3472192.0,Something Just Like This,The Chainsmokers
https://open.spotify.com/track/6RUKPb4LETWmmr3iAEQktW,South America,2017W12,1968600.0,Something Just Like This,The Chainsmokers
https://open.spotify.com/track/6RUKPb4LETWmmr3iAEQktW,Oceania,2017W12,1284724.0,Something Just Like This,The Chainsmokers
https://open.spotify.com/track/6RUKPb4LETWmmr3iAEQktW,GLOBAL,2017W13,26725546.0,Something Just Like This,The Chainsmokers
https://open.spotify.com/track/6RUKPb4LETWmmr3iAEQktW,Europe,2017W13,11694393.0,Something Just Like This,The Chainsmokers
https://open.spotify.com/track/6RUKPb4LETWmmr3iAEQktW,North America,2017W13,8418446.0,Something Just Like This,The Chainsmokers
https://open.spotify.com/track/6RUKPb4LETWmmr3iAEQktW,Asia,2017W13,3334911.0,Something Just Like This,The Chainsmokers
https://open.spotify.com/track/6RUKPb4LETWmmr3iAEQktW,South America,2017W13,2036852.0,Something Just Like This,The Chainsmokers
https://open.spotify.com/track/6RUKPb4LETWmmr3iAEQktW,Oceania,2017W13,1190784.0,Something Just Like This,The Chainsmokers
https://open.spotify.com/track/6RUKPb4LETWmmr3iAEQktW,GLOBAL,2017W14,28668958.0,Something Just Like This,The Chainsmokers
https://open.spotify.com/track/6RUKPb4LETWmmr3iAEQktW,Europe,2017W14,12107295.0,Something Just Like This,The Chainsmokers
https://open.spotify.com/track/6RUKPb4LETWmmr3iAEQktW,North America,2017W14,9290572.0,Something Just Like This,The Chainsmokers
https://open.spotify.com/track/6RUKPb4LETWmmr3iAEQktW,Asia,2017W14,3794638.0,Something Just Like This,The Chainsmokers
https://open.spotify.com/track/6RUKPb4LETWmmr3iAEQktW,South America,2017W14,2198885.0,Something Just Like This,The Chainsmokers
https://open.spotify.com/track/6RUKPb4LETWmmr3iAEQktW,Oceania,2017W14,1225842.0,Something Just Like This,The Chainsmokers
https://open.spotify.com/track/6RUKPb4LETWmmr3iAEQktW,GLOBAL,2017W15,28338192.0,Something Just Like This,The Chainsmokers
https://open.spotify.com/track/6RUKPb4LETWmmr3iAEQktW,Europe,2017W15,11879484.0,Something Just Like This,The Chainsmokers
https://open.spotify.com/track/6RUKPb4LETWmmr3iAEQktW,North America,2017W15,9339626.0,Something Just Like This,The Chainsmokers
https://open.spotify.com/track/6RUKPb4LETWmmr3iAEQktW,Asia,2017W15,3672628.0,Something Just Like This,The Chainsmokers
https://open.spotify.com/track/6RUKPb4LETWmmr3iAEQktW,South America,2017W15,2241306.0,Something Just Like This,The Chainsmokers
https://open.spotify.com/track/6RUKPb4LETWmmr3iAEQktW,Oceania,2017W15,1155706.0,Something Just Like This,The Chainsmokers
https://open.spotify.com/track/6RUKPb4LETWmmr3iAEQktW,GLOBAL,2017W16,26101250.0,Something Just Like This,The Chainsmokers
https://open.spotify.com/track/6RUKPb4LETWmmr3iAEQktW,Europe,2017W16,10939089.0,Something Just Like This,The Chainsmokers
https://open.spotify.com/track/6RUKPb4LETWmmr3iAEQktW,North America,2017W16,8377479.0,Something Just Like This,The Chainsmokers
https://open.spotify.com/track/6RUKPb4LETWmmr3iAEQktW,Asia,2017W16,3435725.0,Something Just Like This,The Chainsmokers
https://open.spotify.com/track/6RUKPb4LETWmmr3iAEQktW,South America,2017W16,2188353.0,Something Just Like This,The Chainsmokers
https://open.spotify.com/track/6RUKPb4LETWmmr3iAEQktW,Oceania,2017W16,1113206.0,Something Just Like This,The Chainsmokers
https://open.spotify.com/track/6RUKPb4LETWmmr3iAEQktW,GLOBAL,2017W17,25037709.0,Something Just Like This,The Chainsmokers
https://open.spotify.com/track/6RUKPb4LETWmmr3iAEQktW,Europe,2017W17,10601691.0,Something Just Like This,The Chainsmokers
https://open.spotify.com/track/6RUKPb4LETWmmr3iAEQktW,North America,2017W17,7884520.0,Something Just Like This,The Chainsmokers
https://open.spotify.com/track/6RUKPb4LETWmmr3iAEQktW,Asia,2017W17,3252020.0,Something Just Like This,The Chainsmokers
https://open.spotify.com/track/6RUKPb4LETWmmr3iAEQktW,South America,2017W17,2208567.0,Something Just Like This,The Chainsmokers
https://open.spotify.com/track/6RUKPb4LETWmmr3iAEQktW,Oceania,2017W17,1046832.0,Something Just Like This,The Chainsmokers
https://open.spotify.com/track/6RUKPb4LETWmmr3iAEQktW,GLOBAL,2017W18,23812220.0,Something Just Like This,The Chainsmokers
https://open.spotify.com/track/6RUKPb4LETWmmr3iAEQktW,Europe,2017W18,10018824.0,Something Just Like This,The Chainsmokers
https://open.spotify.com/track/6RUKPb4LETWmmr3iAEQktW,North America,2017W18,7474617.0,Something Just Like This,The Chainsmokers
https://open.spotify.com/track/6RUKPb4LETWmmr3iAEQktW,Asia,2017W18,3098252.0,Something Just Like This,The Chainsmokers
https://open.spotify.com/track/6RUKPb4LETWmmr3iAEQktW,South America,2017W18,2152541.0,Something Just Like This,The Chainsmokers
https://open.spotify.com/track/6RUKPb4LETWmmr3iAEQktW,Oceania,2017W18,1026102.0,Something Just Like This,The Chainsmokers
https://open.spotify.com/track/6RUKPb4LETWmmr3iAEQktW,GLOBAL,2017W19,23041176.0,Something Just Like This,The Chainsmokers
https://open.spotify.com/track/6RUKPb4LETWmmr3iAEQktW,Europe,2017W19,9659040.0,Something Just Like This,The Chainsmokers
https://open.spotify.com/track/6RUKPb4LETWmmr3iAEQktW,North America,2017W19,7197777.0,Something Just Like This,The Chainsmokers
https://open.spotify.com/track/6RUKPb4LETWmmr3iAEQktW,Asia,2017W19,2952720.0,Something Just Like This,The Chainsmokers
https://open.spotify.com/track/6RUKPb4LETWmmr3iAEQktW,South America,2017W19,2176304.0,Something Just Like This,The Chainsmokers
https://open.spotify.com/track/6RUKPb4LETWmmr3iAEQktW,Oceania,2017W19,1015430.0,Something Just Like This,The Chainsmokers
https://open.spotify.com/track/6RUKPb4LETWmmr3iAEQktW,GLOBAL,2017W20,20824540.0,Something Just Like This,The Chainsmokers
https://open.spotify.com/track/6RUKPb4LETWmmr3iAEQktW,Europe,2017W20,8802007.0,Something Just Like This,The Chainsmokers
https://open.spotify.com/track/6RUKPb4LETWmmr3iAEQktW,North America,2017W20,6313679.0,Something Just Like This,The Chainsmokers
https://open.spotify.com/track/6RUKPb4LETWmmr3iAEQktW,Asia,2017W20,2692728.0,Something Just Like This,The Chainsmokers
https://open.spotify.com/track/6RUKPb4LETWmmr3iAEQktW,South America,2017W20,2056560.0000000002,Something Just Like This,The Chainsmokers
https://open.spotify.com/track/6RUKPb4LETWmmr3iAEQktW,Oceania,2017W20,923624.0,Something Just Like This,The Chainsmokers
https://open.spotify.com/track/6RUKPb4LETWmmr3iAEQktW,GLOBAL,2017W21,19749793.0,Something Just Like This,The Chainsmokers
https://open.spotify.com/track/6RUKPb4LETWmmr3iAEQktW,Europe,2017W21,8579331.0,Something Just Like This,The Chainsmokers
https://open.spotify.com/track/6RUKPb4LETWmmr3iAEQktW,North America,2017W21,5736919.0,Something Just Like This,The Chainsmokers
https://open.spotify.com/track/6RUKPb4LETWmmr3iAEQktW,Asia,2017W21,2492599.0,Something Just Like This,The Chainsmokers
https://open.spotify.com/track/6RUKPb4LETWmmr3iAEQktW,South America,2017W21,2024274.0,Something Just Like This,The Chainsmokers
https://open.spotify.com/track/6RUKPb4LETWmmr3iAEQktW,Oceania,2017W21,882954.0,Something Just Like This,The Chainsmokers
https://open.spotify.com/track/6RUKPb4LETWmmr3iAEQktW,GLOBAL,2017W22,18108478.5,Something Just Like This,The Chainsmokers
https://open.spotify.com/track/6RUKPb4LETWmmr3iAEQktW,Europe,2017W22,7640400.25,Something Just Like This,The Chainsmokers
https://open.spotify.com/track/6RUKPb4LETWmmr3iAEQktW,North America,2017W22,5286697.5,Something Just Like This,The Chainsmokers
https://open.spotify.com/track/6RUKPb4LETWmmr3iAEQktW,Asia,2017W22,2381610.0,Something Just Like This,The Chainsmokers
https://open.spotify.com/track/6RUKPb4LETWmmr3iAEQktW,South America,2017W22,1907946.25,Something Just Like This,The Chainsmokers
https://open.spotify.com/track/6RUKPb4LETWmmr3iAEQktW,Oceania,2017W22,861747.25,Something Just Like This,The Chainsmokers
https://open.spotify.com/track/6RUKPb4LETWmmr3iAEQktW,GLOBAL,2017W23,18416416.0,Something Just Like This,The Chainsmokers
https://open.spotify.com/track/6RUKPb4LETWmmr3iAEQktW,Europe,2017W23,7823310.0,Something Just Like This,The Chainsmokers
https://open.spotify.com/track/6RUKPb4LETWmmr3iAEQktW,North America,2017W23,5361402.0,Something Just Like This,The Chainsmokers
https://open.spotify.com/track/6RUKPb4LETWmmr3iAEQktW,Asia,2017W23,2354750.0,Something Just Like This,The Chainsmokers
https://open.spotify.com/track/6RUKPb4LETWmmr3iAEQktW,South America,2017W23,1992542.0,Something Just Like This,The Chainsmokers
https://open.spotify.com/track/6RUKPb4LETWmmr3iAEQktW,Oceania,2017W23,852976.0,Something Just Like This,The Chainsmokers
https://open.spotify.com/track/6RUKPb4LETWmmr3iAEQktW,GLOBAL,2017W24,17937219.0,Something Just Like This,The Chainsmokers
https://open.spotify.com/track/6RUKPb4LETWmmr3iAEQktW,Europe,2017W24,7718589.0,Something Just Like This,The Chainsmokers
https://open.spotify.com/track/6RUKPb4LETWmmr3iAEQktW,North America,2017W24,5127323.0,Something Just Like This,The Chainsmokers
https://open.spotify.com/track/6RUKPb4LETWmmr3iAEQktW,Asia,2017W24,2297560.0,Something Just Like This,The Chainsmokers
https://open.spotify.com/track/6RUKPb4LETWmmr3iAEQktW,South America,2017W24,1933925.0,Something Just Like This,The Chainsmokers
https://open.spotify.com/track/6RUKPb4LETWmmr3iAEQktW,Oceania,2017W24,829338.0,Something Just Like This,The Chainsmokers
https://open.spotify.com/track/6RUKPb4LETWmmr3iAEQktW,GLOBAL,2017W25,17085523.0,Something Just Like This,The Chainsmokers
https://open.spotify.com/track/6RUKPb4LETWmmr3iAEQktW,Europe,2017W25,7305167.0,Something Just Like This,The Chainsmokers
https://open.spotify.com/track/6RUKPb4LETWmmr3iAEQktW,North America,2017W25,4845004.0,Something Just Like This,The Chainsmokers
https://open.spotify.com/track/6RUKPb4LETWmmr3iAEQktW,Asia,2017W25,2169651.0,Something Just Like This,The Chainsmokers
https://open.spotify.com/track/6RUKPb4LETWmmr3iAEQktW,South America,2017W25,1905722.0,Something Just Like This,The Chainsmokers
https://open.spotify.com/track/6RUKPb4LETWmmr3iAEQktW,Oceania,2017W25,829831.0,Something Just Like This,The Chainsmokers
https://open.spotify.com/track/6RUKPb4LETWmmr3iAEQktW,GLOBAL,2017W26,16447791.0,Something Just Like This,The Chainsmokers
https://open.spotify.com/track/6RUKPb4LETWmmr3iAEQktW,Europe,2017W26,7086950.0,Something Just Like This,The Chainsmokers
https://open.spotify.com/track/6RUKPb4LETWmmr3iAEQktW,North America,2017W26,4646131.0,Something Just Like This,The Chainsmokers
https://open.spotify.com/track/6RUKPb4LETWmmr3iAEQktW,Asia,2017W26,1990125.9999999998,Something Just Like This,The Chainsmokers
https://open.spotify.com/track/6RUKPb4LETWmmr3iAEQktW,South America,2017W26,1886539.9999999998,Something Just Like This,The Chainsmokers
https://open.spotify.com/track/6RUKPb4LETWmmr3iAEQktW,Oceania,2017W26,809460.0,Something Just Like This,The Chainsmokers
https://open.spotify.com/track/6RUKPb4LETWmmr3iAEQktW,GLOBAL,2017W27,16307997.0,Something Just Like This,The Chainsmokers
https://open.spotify.com/track/6RUKPb4LETWmmr3iAEQktW,Europe,2017W27,6849418.0,Something Just Like This,The Chainsmokers
https://open.spotify.com/track/6RUKPb4LETWmmr3iAEQktW,North America,2017W27,4663758.0,Something Just Like This,The Chainsmokers
https://open.spotify.com/track/6RUKPb4LETWmmr3iAEQktW,Asia,2017W27,2100788.0,Something Just Like This,The Chainsmokers
https://open.spotify.com/track/6RUKPb4LETWmmr3iAEQktW,South America,2017W27,1886352.0,Something Just Like This,The Chainsmokers
https://open.spotify.com/track/6RUKPb4LETWmmr3iAEQktW,Oceania,2017W27,777928.0,Something Just Like This,The Chainsmokers
https://open.spotify.com/track/6RUKPb4LETWmmr3iAEQktW,GLOBAL,2017W28,15568193.0,Something Just Like This,The Chainsmokers
https://open.spotify.com/track/6RUKPb4LETWmmr3iAEQktW,Europe,2017W28,6498225.0,Something Just Like This,The Chainsmokers
https://open.spotify.com/track/6RUKPb4LETWmmr3iAEQktW,North America,2017W28,4314302.0,Something Just Like This,The Chainsmokers
https://open.spotify.com/track/6RUKPb4LETWmmr3iAEQktW,Asia,2017W28,2055022.0,Something Just Like This,The Chainsmokers
https://open.spotify.com/track/6RUKPb4LETWmmr3iAEQktW,South America,2017W28,1926593.0,Something Just Like This,The Chainsmokers
https://open.spotify.com/track/6RUKPb4LETWmmr3iAEQktW,Oceania,2017W28,746767.0,Something Just Like This,The Chainsmokers
https://open.spotify.com/track/6RUKPb4LETWmmr3iAEQktW,GLOBAL,2017W29,14459260.0,Something Just Like This,The Chainsmokers
https://open.spotify.com/track/6RUKPb4LETWmmr3iAEQktW,Europe,2017W29,6093515.0,Something Just Like This,The Chainsmokers
https://open.spotify.com/track/6RUKPb4LETWmmr3iAEQktW,North America,2017W29,3951556.0,Something Just Like This,The Chainsmokers
https://open.spotify.com/track/6RUKPb4LETWmmr3iAEQktW,Asia,2017W29,1926421.0,Something Just Like This,The Chainsmokers
https://open.spotify.com/track/6RUKPb4LETWmmr3iAEQktW,South America,2017W29,1844224.0,Something Just Like This,The Chainsmokers
https://open.spotify.com/track/6RUKPb4LETWmmr3iAEQktW,Oceania,2017W29,616862.0,Something Just Like This,The Chainsmokers
https://open.spotify.com/track/6RUKPb4LETWmmr3iAEQktW,GLOBAL,2017W30,13744984.0,Something Just Like This,The Chainsmokers
https://open.spotify.com/track/6RUKPb4LETWmmr3iAEQktW,Europe,2017W30,5707612.0,Something Just Like This,The Chainsmokers
https://open.spotify.com/track/6RUKPb4LETWmmr3iAEQktW,North America,2017W30,3752848.0,Something Just Like This,The Chainsmokers
https://open.spotify.com/track/6RUKPb4LETWmmr3iAEQktW,Asia,2017W30,1845034.0000000002,Something Just Like This,The Chainsmokers
https://open.spotify.com/track/6RUKPb4LETWmmr3iAEQktW,South America,2017W30,1809093.0,Something Just Like This,The Chainsmokers
https://open.spotify.com/track/6RUKPb4LETWmmr3iAEQktW,Oceania,2017W30,603117.0,Something Just Like This,The Chainsmokers
https://open.spotify.com/track/6RUKPb4LETWmmr3iAEQktW,GLOBAL,2017W31,13198800.0,Something Just Like This,The Chainsmokers
https://open.spotify.com/track/6RUKPb4LETWmmr3iAEQktW,Europe,2017W31,5377215.0,Something Just Like This,The Chainsmokers
https://open.spotify.com/track/6RUKPb4LETWmmr3iAEQktW,North America,2017W31,3621471.0,Something Just Like This,The Chainsmokers
https://open.spotify.com/track/6RUKPb4LETWmmr3iAEQktW,Asia,2017W31,1795073.0,Something Just Like This,The Chainsmokers
https://open.spotify.com/track/6RUKPb4LETWmmr3iAEQktW,South America,2017W31,1754002.0,Something Just Like This,The Chainsmokers
https://open.spotify.com/track/6RUKPb4LETWmmr3iAEQktW,Oceania,2017W31,623249.0,Something Just Like This,The Chainsmokers
https://open.spotify.com/track/6RUKPb4LETWmmr3iAEQktW,GLOBAL,2017W32,12650587.0,Something Just Like This,The Chainsmokers
https://open.spotify.com/track/6RUKPb4LETWmmr3iAEQktW,Europe,2017W32,5063750.0,Something Just Like This,The Chainsmokers
https://open.spotify.com/track/6RUKPb4LETWmmr3iAEQktW,North America,2017W32,3540812.0,Something Just Like This,The Chainsmokers
https://open.spotify.com/track/6RUKPb4LETWmmr3iAEQktW,Asia,2017W32,1757519.0,Something Just Like This,The Chainsmokers
https://open.spotify.com/track/6RUKPb4LETWmmr3iAEQktW,South America,2017W32,1635661.0,Something Just Like This,The Chainsmokers
https://open.spotify.com/track/6RUKPb4LETWmmr3iAEQktW,Oceania,2017W32,616958.0,Something Just Like This,The Chainsmokers
https://open.spotify.com/track/6RUKPb4LETWmmr3iAEQktW,GLOBAL,2017W33,11763123.0,Something Just Like This,The Chainsmokers
https://open.spotify.com/track/6RUKPb4LETWmmr3iAEQktW,Europe,2017W33,4710767.0,Something Just Like This,The Chainsmokers
https://open.spotify.com/track/6RUKPb4LETWmmr3iAEQktW,North America,2017W33,3294210.0,Something Just Like This,The Chainsmokers
https://open.spotify.com/track/6RUKPb4LETWmmr3iAEQktW,Asia,2017W33,1565103.0,Something Just Like This,The Chainsmokers
https://open.spotify.com/track/6RUKPb4LETWmmr3iAEQktW,South America,2017W33,1561639.0,Something Just Like This,The Chainsmokers
https://open.spotify.com/track/6RUKPb4LETWmmr3iAEQktW,Oceania,2017W33,597825.0,Something Just Like This,The Chainsmokers
https://open.spotify.com/track/6RUKPb4LETWmmr3iAEQktW,GLOBAL,2017W34,11022359.0,Something Just Like This,The Chainsmokers
https://open.spotify.com/track/6RUKPb4LETWmmr3iAEQktW,Europe,2017W34,4347477.0,Something Just Like This,The Chainsmokers
https://open.spotify.com/track/6RUKPb4LETWmmr3iAEQktW,North America,2017W34,3073665.0,Something Just Like This,The Chainsmokers
https://open.spotify.com/track/6RUKPb4LETWmmr3iAEQktW,South America,2017W34,1507452.0,Something Just Like This,The Chainsmokers
https://open.spotify.com/track/6RUKPb4LETWmmr3iAEQktW,Asia,2017W34,1473982.0,Something Just Like This,The Chainsmokers
https://open.spotify.com/track/6RUKPb4LETWmmr3iAEQktW,Oceania,2017W34,564373.0,Something Just Like This,The Chainsmokers
https://open.spotify.com/track/6RUKPb4LETWmmr3iAEQktW,GLOBAL,2017W35,10623219.0,Something Just Like This,The Chainsmokers
https://open.spotify.com/track/6RUKPb4LETWmmr3iAEQktW,Europe,2017W35,4207523.0,Something Just Like This,The Chainsmokers
https://open.spotify.com/track/6RUKPb4LETWmmr3iAEQktW,North America,2017W35,2960620.0,Something Just Like This,The Chainsmokers
https://open.spotify.com/track/6RUKPb4LETWmmr3iAEQktW,South America,2017W35,1486006.0,Something Just Like This,The Chainsmokers
https://open.spotify.com/track/6RUKPb4LETWmmr3iAEQktW,Asia,2017W35,1418120.0,Something Just Like This,The Chainsmokers
https://open.spotify.com/track/6RUKPb4LETWmmr3iAEQktW,Oceania,2017W35,488271.0,Something Just Like This,The Chainsmokers
https://open.spotify.com/track/6RUKPb4LETWmmr3iAEQktW,GLOBAL,2017W36,9889310.0,Something Just Like This,The Chainsmokers
https://open.spotify.com/track/6RUKPb4LETWmmr3iAEQktW,Europe,2017W36,3844849.0,Something Just Like This,The Chainsmokers
https://open.spotify.com/track/6RUKPb4LETWmmr3iAEQktW,North America,2017W36,2777977.0,Something Just Like This,The Chainsmokers
https://open.spotify.com/track/6RUKPb4LETWmmr3iAEQktW,Asia,2017W36,1426456.0,Something Just Like This,The Chainsmokers
https://open.spotify.com/track/6RUKPb4LETWmmr3iAEQktW,South America,2017W36,1307349.0,Something Just Like This,The Chainsmokers
https://open.spotify.com/track/6RUKPb4LETWmmr3iAEQktW,Oceania,2017W36,468704.0,Something Just Like This,The Chainsmokers
https://open.spotify.com/track/6RUKPb4LETWmmr3iAEQktW,GLOBAL,2017W37,9508597.0,Something Just Like This,The Chainsmokers
https://open.spotify.com/track/6RUKPb4LETWmmr3iAEQktW,Europe,2017W37,3565194.0,Something Just Like This,The Chainsmokers
https://open.spotify.com/track/6RUKPb4LETWmmr3iAEQktW,North America,2017W37,2754275.0,Something Just Like This,The Chainsmokers
https://open.spotify.com/track/6RUKPb4LETWmmr3iAEQktW,Asia,2017W37,1473346.0,Something Just Like This,The Chainsmokers
https://open.spotify.com/track/6RUKPb4LETWmmr3iAEQktW,South America,2017W37,1174702.0,Something Just Like This,The Chainsmokers
https://open.spotify.com/track/6RUKPb4LETWmmr3iAEQktW,Oceania,2017W37,456370.0,Something Just Like This,The Chainsmokers
https://open.spotify.com/track/6RUKPb4LETWmmr3iAEQktW,GLOBAL,2017W38,9218706.0,Something Just Like This,The Chainsmokers
https://open.spotify.com/track/6RUKPb4LETWmmr3iAEQktW,Europe,2017W38,3464652.0,Something Just Like This,The Chainsmokers
https://open.spotify.com/track/6RUKPb4LETWmmr3iAEQktW,North America,2017W38,2679697.0,Something Just Like This,The Chainsmokers
https://open.spotify.com/track/6RUKPb4LETWmmr3iAEQktW,Asia,2017W38,1432164.0,Something Just Like This,The Chainsmokers
https://open.spotify.com/track/6RUKPb4LETWmmr3iAEQktW,South America,2017W38,1113194.0,Something Just Like This,The Chainsmokers
https://open.spotify.com/track/6RUKPb4LETWmmr3iAEQktW,Oceania,2017W38,448735.0,Something Just Like This,The Chainsmokers
https://open.spotify.com/track/6RUKPb4LETWmmr3iAEQktW,GLOBAL,2017W39,9118764.0,Something Just Like This,The Chainsmokers
https://open.spotify.com/track/6RUKPb4LETWmmr3iAEQktW,Europe,2017W39,3441544.0,Something Just Like This,The Chainsmokers
https://open.spotify.com/track/6RUKPb4LETWmmr3iAEQktW,North America,2017W39,2692236.0,Something Just Like This,The Chainsmokers
https://open.spotify.com/track/6RUKPb4LETWmmr3iAEQktW,Asia,2017W39,1357450.0,Something Just Like This,The Chainsmokers
https://open.spotify.com/track/6RUKPb4LETWmmr3iAEQktW,South America,2017W39,1110172.0,Something Just Like This,The Chainsmokers
https://open.spotify.com/track/6RUKPb4LETWmmr3iAEQktW,Oceania,2017W39,434273.0,Something Just Like This,The Chainsmokers
https://open.spotify.com/track/6RUKPb4LETWmmr3iAEQktW,GLOBAL,2017W40,8922553.0,Something Just Like This,The Chainsmokers
https://open.spotify.com/track/6RUKPb4LETWmmr3iAEQktW,Europe,2017W40,3366718.0,Something Just Like This,The Chainsmokers
https://open.spotify.com/track/6RUKPb4LETWmmr3iAEQktW,North America,2017W40,2625668.0,Something Just Like This,The Chainsmokers
https://open.spotify.com/track/6RUKPb4LETWmmr3iAEQktW,Asia,2017W40,1345170.0,Something Just Like This,The Chainsmokers
https://open.spotify.com/track/6RUKPb4LETWmmr3iAEQktW,South America,2017W40,1089750.0,Something Just Like This,The Chainsmokers
https://open.spotify.com/track/6RUKPb4LETWmmr3iAEQktW,Oceania,2017W40,428118.0,Something Just Like This,The Chainsmokers
https://open.spotify.com/track/6RUKPb4LETWmmr3iAEQktW,GLOBAL,2017W41,8264105.0,Something Just Like This,The Chainsmokers
https://open.spotify.com/track/6RUKPb4LETWmmr3iAEQktW,Europe,2017W41,3044247.0,Something Just Like This,The Chainsmokers
https://open.spotify.com/track/6RUKPb4LETWmmr3iAEQktW,North America,2017W41,2473578.0,Something Just Like This,The Chainsmokers
https://open.spotify.com/track/6RUKPb4LETWmmr3iAEQktW,Asia,2017W41,1260311.0,Something Just Like This,The Chainsmokers
https://open.spotify.com/track/6RUKPb4LETWmmr3iAEQktW,South America,2017W41,1013538.0000000001,Something Just Like This,The Chainsmokers
https://open.spotify.com/track/6RUKPb4LETWmmr3iAEQktW,Oceania,2017W41,403514.0,Something Just Like This,The Chainsmokers
https://open.spotify.com/track/6RUKPb4LETWmmr3iAEQktW,GLOBAL,2017W42,7844814.999999999,Something Just Like This,The Chainsmokers
https://open.spotify.com/track/6RUKPb4LETWmmr3iAEQktW,Europe,2017W42,2791356.0,Something Just Like This,The Chainsmokers
https://open.spotify.com/track/6RUKPb4LETWmmr3iAEQktW,North America,2017W42,2372878.0,Something Just Like This,The Chainsmokers
https://open.spotify.com/track/6RUKPb4LETWmmr3iAEQktW,Asia,2017W42,1216488.0,Something Just Like This,The Chainsmokers
https://open.spotify.com/track/6RUKPb4LETWmmr3iAEQktW,South America,2017W42,975642.0,Something Just Like This,The Chainsmokers
https://open.spotify.com/track/6RUKPb4LETWmmr3iAEQktW,Oceania,2017W42,400030.0,Something Just Like This,The Chainsmokers
https://open.spotify.com/track/6RUKPb4LETWmmr3iAEQktW,GLOBAL,2017W43,7500211.0,Something Just Like This,The Chainsmokers
https://open.spotify.com/track/6RUKPb4LETWmmr3iAEQktW,Europe,2017W43,2534676.0,Something Just Like This,The Chainsmokers
https://open.spotify.com/track/6RUKPb4LETWmmr3iAEQktW,North America,2017W43,2268447.0,Something Just Like This,The Chainsmokers
https://open.spotify.com/track/6RUKPb4LETWmmr3iAEQktW,Asia,2017W43,1180366.0,Something Just Like This,The Chainsmokers
https://open.spotify.com/track/6RUKPb4LETWmmr3iAEQktW,South America,2017W43,959555.0,Something Just Like This,The Chainsmokers
https://open.spotify.com/track/6RUKPb4LETWmmr3iAEQktW,Oceania,2017W43,394136.0,Something Just Like This,The Chainsmokers
https://open.spotify.com/track/6RUKPb4LETWmmr3iAEQktW,GLOBAL,2017W44,7146738.0,Something Just Like This,The Chainsmokers
https://open.spotify.com/track/6RUKPb4LETWmmr3iAEQktW,Europe,2017W44,2407984.0,Something Just Like This,The Chainsmokers
https://open.spotify.com/track/6RUKPb4LETWmmr3iAEQktW,North America,2017W44,2140639.0,Something Just Like This,The Chainsmokers
https://open.spotify.com/track/6RUKPb4LETWmmr3iAEQktW,Asia,2017W44,1116990.0,Something Just Like This,The Chainsmokers
https://open.spotify.com/track/6RUKPb4LETWmmr3iAEQktW,South America,2017W44,928440.0,Something Just Like This,The Chainsmokers
https://open.spotify.com/track/6RUKPb4LETWmmr3iAEQktW,Oceania,2017W44,369858.0,Something Just Like This,The Chainsmokers
https://open.spotify.com/track/6RUKPb4LETWmmr3iAEQktW,GLOBAL,2017W45,7263062.0,Something Just Like This,The Chainsmokers
https://open.spotify.com/track/6RUKPb4LETWmmr3iAEQktW,Europe,2017W45,2304744.0,Something Just Like This,The Chainsmokers
https://open.spotify.com/track/6RUKPb4LETWmmr3iAEQktW,North America,2017W45,2182848.0,Something Just Like This,The Chainsmokers
https://open.spotify.com/track/6RUKPb4LETWmmr3iAEQktW,Asia,2017W45,1123849.0,Something Just Like This,The Chainsmokers
https://open.spotify.com/track/6RUKPb4LETWmmr3iAEQktW,South America,2017W45,1066409.0,Something Just Like This,The Chainsmokers
https://open.spotify.com/track/6RUKPb4LETWmmr3iAEQktW,Oceania,2017W45,365657.0,Something Just Like This,The Chainsmokers
https://open.spotify.com/track/6RUKPb4LETWmmr3iAEQktW,GLOBAL,2017W46,7192582.0,Something Just Like This,The Chainsmokers
https://open.spotify.com/track/6RUKPb4LETWmmr3iAEQktW,Europe,2017W46,2204836.0,Something Just Like This,The Chainsmokers
https://open.spotify.com/track/6RUKPb4LETWmmr3iAEQktW,North America,2017W46,2177371.0,Something Just Like This,The Chainsmokers
https://open.spotify.com/track/6RUKPb4LETWmmr3iAEQktW,Asia,2017W46,1103403.0,Something Just Like This,The Chainsmokers
https://open.spotify.com/track/6RUKPb4LETWmmr3iAEQktW,South America,2017W46,1090259.0,Something Just Like This,The Chainsmokers
https://open.spotify.com/track/6RUKPb4LETWmmr3iAEQktW,Oceania,2017W46,361518.0,Something Just Like This,The Chainsmokers
https://open.spotify.com/track/6RUKPb4LETWmmr3iAEQktW,GLOBAL,2017W47,6932316.0,Something Just Like This,The Chainsmokers
https://open.spotify.com/track/6RUKPb4LETWmmr3iAEQktW,Europe,2017W47,2101182.0,Something Just Like This,The Chainsmokers
https://open.spotify.com/track/6RUKPb4LETWmmr3iAEQktW,North America,2017W47,2086559.0,Something Just Like This,The Chainsmokers
https://open.spotify.com/track/6RUKPb4LETWmmr3iAEQktW,Asia,2017W47,1108401.0,Something Just Like This,The Chainsmokers
https://open.spotify.com/track/6RUKPb4LETWmmr3iAEQktW,South America,2017W47,982873.0,Something Just Like This,The Chainsmokers
https://open.spotify.com/track/6RUKPb4LETWmmr3iAEQktW,Oceania,2017W47,351726.0,Something Just Like This,The Chainsmokers
https://open.spotify.com/track/6RUKPb4LETWmmr3iAEQktW,GLOBAL,2017W48,6786923.0,Something Just Like This,The Chainsmokers
https://open.spotify.com/track/6RUKPb4LETWmmr3iAEQktW,Europe,2017W48,2051589.0,Something Just Like This,The Chainsmokers
https://open.spotify.com/track/6RUKPb4LETWmmr3iAEQktW,North America,2017W48,1470744.0,Something Just Like This,The Chainsmokers
https://open.spotify.com/track/6RUKPb4LETWmmr3iAEQktW,Asia,2017W48,1098598.0,Something Just Like This,The Chainsmokers
https://open.spotify.com/track/6RUKPb4LETWmmr3iAEQktW,South America,2017W48,939506.0000000001,Something Just Like This,The Chainsmokers
https://open.spotify.com/track/6RUKPb4LETWmmr3iAEQktW,Oceania,2017W48,345110.0,Something Just Like This,The Chainsmokers
https://open.spotify.com/track/6RUKPb4LETWmmr3iAEQktW,GLOBAL,2017W49,7948109.000000001,Something Just Like This,The Chainsmokers
https://open.spotify.com/track/6RUKPb4LETWmmr3iAEQktW,Europe,2017W49,2521669.0,Something Just Like This,The Chainsmokers
https://open.spotify.com/track/6RUKPb4LETWmmr3iAEQktW,North America,2017W49,2191540.0,Something Just Like This,The Chainsmokers
https://open.spotify.com/track/6RUKPb4LETWmmr3iAEQktW,Asia,2017W49,1294050.0,Something Just Like This,The Chainsmokers
https://open.spotify.com/track/6RUKPb4LETWmmr3iAEQktW,South America,2017W49,1100057.0,Something Just Like This,The Chainsmokers
https://open.spotify.com/track/6RUKPb4LETWmmr3iAEQktW,Oceania,2017W49,396479.0,Something Just Like This,The Chainsmokers
https://open.spotify.com/track/6RUKPb4LETWmmr3iAEQktW,GLOBAL,2017W50,7691769.000000001,Something Just Like This,The Chainsmokers
https://open.spotify.com/track/6RUKPb4LETWmmr3iAEQktW,Europe,2017W50,2423541.0,Something Just Like This,The Chainsmokers
https://open.spotify.com/track/6RUKPb4LETWmmr3iAEQktW,North America,2017W50,2279836.0,Something Just Like This,The Chainsmokers
https://open.spotify.com/track/6RUKPb4LETWmmr3iAEQktW,Asia,2017W50,1291789.0,Something Just Like This,The Chainsmokers
https://open.spotify.com/track/6RUKPb4LETWmmr3iAEQktW,South America,2017W50,1048343.0,Something Just Like This,The Chainsmokers
https://open.spotify.com/track/6RUKPb4LETWmmr3iAEQktW,Oceania,2017W50,382674.0,Something Just Like This,The Chainsmokers
https://open.spotify.com/track/6RUKPb4LETWmmr3iAEQktW,GLOBAL,2017W51,7424603.0,Something Just Like This,The Chainsmokers
https://open.spotify.com/track/6RUKPb4LETWmmr3iAEQktW,Europe,2017W51,2180004.0,Something Just Like This,The Chainsmokers
https://open.spotify.com/track/6RUKPb4LETWmmr3iAEQktW,North America,2017W51,1550066.0,Something Just Like This,The Chainsmokers
https://open.spotify.com/track/6RUKPb4LETWmmr3iAEQktW,Asia,2017W51,1206342.0,Something Just Like This,The Chainsmokers
https://open.spotify.com/track/6RUKPb4LETWmmr3iAEQktW,South America,2017W51,1037321.0,Something Just Like This,The Chainsmokers
https://open.spotify.com/track/6RUKPb4LETWmmr3iAEQktW,Oceania,2017W51,372494.0,Something Just Like This,The Chainsmokers
https://open.spotify.com/track/6RUKPb4LETWmmr3iAEQktW,GLOBAL,2017W52,8470720.0,Something Just Like This,The Chainsmokers
https://open.spotify.com/track/6RUKPb4LETWmmr3iAEQktW,Europe,2017W52,3154941.0,Something Just Like This,The Chainsmokers
https://open.spotify.com/track/6RUKPb4LETWmmr3iAEQktW,North America,2017W52,2148010.0,Something Just Like This,The Chainsmokers
https://open.spotify.com/track/6RUKPb4LETWmmr3iAEQktW,Asia,2017W52,1293847.0,Something Just Like This,The Chainsmokers
https://open.spotify.com/track/6RUKPb4LETWmmr3iAEQktW,South America,2017W52,1035686.0000000001,Something Just Like This,The Chainsmokers
https://open.spotify.com/track/6RUKPb4LETWmmr3iAEQktW,Oceania,2017W52,382400.0,Something Just Like This,The Chainsmokers
https://open.spotify.com/track/6RUKPb4LETWmmr3iAEQktW,GLOBAL,2018W01,7983719.0,Something Just Like This,The Chainsmokers
https://open.spotify.com/track/6RUKPb4LETWmmr3iAEQktW,Europe,2018W01,2940640.0,Something Just Like This,The Chainsmokers
https://open.spotify.com/track/6RUKPb4LETWmmr3iAEQktW,North America,2018W01,2311361.0,Something Just Like This,The Chainsmokers
https://open.spotify.com/track/6RUKPb4LETWmmr3iAEQktW,Asia,2018W01,1169514.0,Something Just Like This,The Chainsmokers
https://open.spotify.com/track/6RUKPb4LETWmmr3iAEQktW,South America,2018W01,1014280.0000000001,Something Just Like This,The Chainsmokers
https://open.spotify.com/track/6RUKPb4LETWmmr3iAEQktW,Oceania,2018W01,375052.0,Something Just Like This,The Chainsmokers
https://open.spotify.com/track/6RUKPb4LETWmmr3iAEQktW,GLOBAL,2018W02,7149669.333333334,Something Just Like This,The Chainsmokers
https://open.spotify.com/track/6RUKPb4LETWmmr3iAEQktW,Europe,2018W02,2419290.0,Something Just Like This,The Chainsmokers
https://open.spotify.com/track/6RUKPb4LETWmmr3iAEQktW,North America,2018W02,1931128.0,Something Just Like This,The Chainsmokers
https://open.spotify.com/track/6RUKPb4LETWmmr3iAEQktW,Asia,2018W02,855598.0,Something Just Like This,The Chainsmokers
https://open.spotify.com/track/6RUKPb4LETWmmr3iAEQktW,South America,2018W02,808016.0,Something Just Like This,The Chainsmokers
https://open.spotify.com/track/6RUKPb4LETWmmr3iAEQktW,Oceania,2018W02,311294.0,Something Just Like This,The Chainsmokers
https://open.spotify.com/track/6RUKPb4LETWmmr3iAEQktW,GLOBAL,2018W03,6909382.0,Something Just Like This,The Chainsmokers
https://open.spotify.com/track/6RUKPb4LETWmmr3iAEQktW,Europe,2018W03,2226818.0,Something Just Like This,The Chainsmokers
https://open.spotify.com/track/6RUKPb4LETWmmr3iAEQktW,North America,2018W03,2151978.0,Something Just Like This,The Chainsmokers
https://open.spotify.com/track/6RUKPb4LETWmmr3iAEQktW,Asia,2018W03,910926.0,Something Just Like This,The Chainsmokers
https://open.spotify.com/track/6RUKPb4LETWmmr3iAEQktW,South America,2018W03,803271.0,Something Just Like This,The Chainsmokers
https://open.spotify.com/track/6RUKPb4LETWmmr3iAEQktW,Oceania,2018W03,348798.0,Something Just Like This,The Chainsmokers
https://open.spotify.com/track/6RUKPb4LETWmmr3iAEQktW,GLOBAL,2018W04,6695833.0,Something Just Like This,The Chainsmokers
https://open.spotify.com/track/6RUKPb4LETWmmr3iAEQktW,Europe,2018W04,2143484.0,Something Just Like This,The Chainsmokers
https://open.spotify.com/track/6RUKPb4LETWmmr3iAEQktW,North America,2018W04,2122298.0,Something Just Like This,The Chainsmokers
https://open.spotify.com/track/6RUKPb4LETWmmr3iAEQktW,Asia,2018W04,862589.0,Something Just Like This,The Chainsmokers
https://open.spotify.com/track/6RUKPb4LETWmmr3iAEQktW,South America,2018W04,844340.0,Something Just Like This,The Chainsmokers
https://open.spotify.com/track/6RUKPb4LETWmmr3iAEQktW,Oceania,2018W04,283446.0,Something Just Like This,The Chainsmokers
https://open.spotify.com/track/6RUKPb4LETWmmr3iAEQktW,GLOBAL,2018W05,6541828.0,Something Just Like This,The Chainsmokers
https://open.spotify.com/track/6RUKPb4LETWmmr3iAEQktW,Europe,2018W05,2146080.0,Something Just Like This,The Chainsmokers
https://open.spotify.com/track/6RUKPb4LETWmmr3iAEQktW,North America,2018W05,1892082.0,Something Just Like This,The Chainsmokers
https://open.spotify.com/track/6RUKPb4LETWmmr3iAEQktW,South America,2018W05,864259.0,Something Just Like This,The Chainsmokers
https://open.spotify.com/track/6RUKPb4LETWmmr3iAEQktW,Asia,2018W05,851807.0,Something Just Like This,The Chainsmokers
https://open.spotify.com/track/6RUKPb4LETWmmr3iAEQktW,Oceania,2018W05,309069.0,Something Just Like This,The Chainsmokers
https://open.spotify.com/track/6RUKPb4LETWmmr3iAEQktW,GLOBAL,2018W06,6271785.0,Something Just Like This,The Chainsmokers
https://open.spotify.com/track/6RUKPb4LETWmmr3iAEQktW,North America,2018W06,2055889.0,Something Just Like This,The Chainsmokers
https://open.spotify.com/track/6RUKPb4LETWmmr3iAEQktW,Europe,2018W06,1958394.0,Something Just Like This,The Chainsmokers
https://open.spotify.com/track/6RUKPb4LETWmmr3iAEQktW,South America,2018W06,828345.0,Something Just Like This,The Chainsmokers
https://open.spotify.com/track/6RUKPb4LETWmmr3iAEQktW,Asia,2018W06,792745.0,Something Just Like This,The Chainsmokers
https://open.spotify.com/track/6RUKPb4LETWmmr3iAEQktW,Oceania,2018W06,307830.0,Something Just Like This,The Chainsmokers
https://open.spotify.com/track/6RUKPb4LETWmmr3iAEQktW,GLOBAL,2018W07,6129411.0,Something Just Like This,The Chainsmokers
https://open.spotify.com/track/6RUKPb4LETWmmr3iAEQktW,Europe,2018W07,1936575.0,Something Just Like This,The Chainsmokers
https://open.spotify.com/track/6RUKPb4LETWmmr3iAEQktW,North America,2018W07,1853495.0,Something Just Like This,The Chainsmokers
https://open.spotify.com/track/6RUKPb4LETWmmr3iAEQktW,South America,2018W07,738831.0,Something Just Like This,The Chainsmokers
https://open.spotify.com/track/6RUKPb4LETWmmr3iAEQktW,Asia,2018W07,697115.0,Something Just Like This,The Chainsmokers
https://open.spotify.com/track/6RUKPb4LETWmmr3iAEQktW,Oceania,2018W07,305204.0,Something Just Like This,The Chainsmokers
https://open.spotify.com/track/6RUKPb4LETWmmr3iAEQktW,GLOBAL,2018W08,5984620.0,Something Just Like This,The Chainsmokers
https://open.spotify.com/track/6RUKPb4LETWmmr3iAEQktW,Europe,2018W08,1920958.9999999998,Something Just Like This,The Chainsmokers
https://open.spotify.com/track/6RUKPb4LETWmmr3iAEQktW,North America,2018W08,1778481.0,Something Just Like This,The Chainsmokers
https://open.spotify.com/track/6RUKPb4LETWmmr3iAEQktW,South America,2018W08,776721.0,Something Just Like This,The Chainsmokers
https://open.spotify.com/track/6RUKPb4LETWmmr3iAEQktW,Asia,2018W08,694664.0,Something Just Like This,The Chainsmokers
https://open.spotify.com/track/6RUKPb4LETWmmr3iAEQktW,Oceania,2018W08,297809.0,Something Just Like This,The Chainsmokers
https://open.spotify.com/track/6RUKPb4LETWmmr3iAEQktW,GLOBAL,2018W09,5871732.0,Something Just Like This,The Chainsmokers
https://open.spotify.com/track/6RUKPb4LETWmmr3iAEQktW,Europe,2018W09,1641733.0,Something Just Like This,The Chainsmokers
https://open.spotify.com/track/6RUKPb4LETWmmr3iAEQktW,North America,2018W09,1323070.0,Something Just Like This,The Chainsmokers
https://open.spotify.com/track/6RUKPb4LETWmmr3iAEQktW,South America,2018W09,693991.0,Something Just Like This,The Chainsmokers
https://open.spotify.com/track/6RUKPb4LETWmmr3iAEQktW,Asia,2018W09,636854.0,Something Just Like This,The Chainsmokers
https://open.spotify.com/track/6RUKPb4LETWmmr3iAEQktW,Oceania,2018W09,293654.0,Something Just Like This,The Chainsmokers
https://open.spotify.com/track/6RUKPb4LETWmmr3iAEQktW,GLOBAL,2018W10,5679842.0,Something Just Like This,The Chainsmokers
https://open.spotify.com/track/6RUKPb4LETWmmr3iAEQktW,Europe,2018W10,1730657.0,Something Just Like This,The Chainsmokers
https://open.spotify.com/track/6RUKPb4LETWmmr3iAEQktW,North America,2018W10,791219.0,Something Just Like This,The Chainsmokers
https://open.spotify.com/track/6RUKPb4LETWmmr3iAEQktW,South America,2018W10,672321.0,Something Just Like This,The Chainsmokers
https://open.spotify.com/track/6RUKPb4LETWmmr3iAEQktW,Asia,2018W10,606841.0,Something Just Like This,The Chainsmokers
https://open.spotify.com/track/6RUKPb4LETWmmr3iAEQktW,Oceania,2018W10,285917.0,Something Just Like This,The Chainsmokers
https://open.spotify.com/track/6RUKPb4LETWmmr3iAEQktW,GLOBAL,2018W11,5579899.0,Something Just Like This,The Chainsmokers
https://open.spotify.com/track/6RUKPb4LETWmmr3iAEQktW,Europe,2018W11,1667569.0,Something Just Like This,The Chainsmokers
https://open.spotify.com/track/6RUKPb4LETWmmr3iAEQktW,North America,2018W11,776027.0,Something Just Like This,The Chainsmokers
https://open.spotify.com/track/6RUKPb4LETWmmr3iAEQktW,South America,2018W11,668176.0,Something Just Like This,The Chainsmokers
https://open.spotify.com/track/6RUKPb4LETWmmr3iAEQktW,Asia,2018W11,625698.0,Something Just Like This,The Chainsmokers
https://open.spotify.com/track/6RUKPb4LETWmmr3iAEQktW,Oceania,2018W11,282273.0,Something Just Like This,The Chainsmokers
https://open.spotify.com/track/6RUKPb4LETWmmr3iAEQktW,GLOBAL,2018W12,5490010.0,Something Just Like This,The Chainsmokers
https://open.spotify.com/track/6RUKPb4LETWmmr3iAEQktW,Europe,2018W12,1588174.0,Something Just Like This,The Chainsmokers
https://open.spotify.com/track/6RUKPb4LETWmmr3iAEQktW,South America,2018W12,651158.0,Something Just Like This,The Chainsmokers
https://open.spotify.com/track/6RUKPb4LETWmmr3iAEQktW,Asia,2018W12,598195.0,Something Just Like This,The Chainsmokers
https://open.spotify.com/track/6RUKPb4LETWmmr3iAEQktW,North America,2018W12,525206.0,Something Just Like This,The Chainsmokers
https://open.spotify.com/track/6RUKPb4LETWmmr3iAEQktW,Oceania,2018W12,240414.0,Something Just Like This,The Chainsmokers
https://open.spotify.com/track/6RUKPb4LETWmmr3iAEQktW,GLOBAL,2018W13,5336722.0,Something Just Like This,The Chainsmokers
https://open.spotify.com/track/6RUKPb4LETWmmr3iAEQktW,Europe,2018W13,1452224.0,Something Just Like This,The Chainsmokers
https://open.spotify.com/track/6RUKPb4LETWmmr3iAEQktW,Asia,2018W13,612660.0,Something Just Like This,The Chainsmokers
https://open.spotify.com/track/6RUKPb4LETWmmr3iAEQktW,South America,2018W13,604314.0,Something Just Like This,The Chainsmokers
https://open.spotify.com/track/6RUKPb4LETWmmr3iAEQktW,North America,2018W13,445662.0,Something Just Like This,The Chainsmokers
https://open.spotify.com/track/6RUKPb4LETWmmr3iAEQktW,Oceania,2018W13,261699.0,Something Just Like This,The Chainsmokers
https://open.spotify.com/track/6RUKPb4LETWmmr3iAEQktW,GLOBAL,2018W14,5161837.0,Something Just Like This,The Chainsmokers
https://open.spotify.com/track/6RUKPb4LETWmmr3iAEQktW,Europe,2018W14,1340819.0,Something Just Like This,The Chainsmokers
https://open.spotify.com/track/6RUKPb4LETWmmr3iAEQktW,South America,2018W14,607780.0,Something Just Like This,The Chainsmokers
https://open.spotify.com/track/6RUKPb4LETWmmr3iAEQktW,Asia,2018W14,606301.0,Something Just Like This,The Chainsmokers
https://open.spotify.com/track/6RUKPb4LETWmmr3iAEQktW,North America,2018W14,401524.0,Something Just Like This,The Chainsmokers
https://open.spotify.com/track/6RUKPb4LETWmmr3iAEQktW,Oceania,2018W14,255706.0,Something Just Like This,The Chainsmokers
https://open.spotify.com/track/6RUKPb4LETWmmr3iAEQktW,GLOBAL,2018W15,5101316.0,Something Just Like This,The Chainsmokers
https://open.spotify.com/track/6RUKPb4LETWmmr3iAEQktW,Europe,2018W15,939551.0,Something Just Like This,The Chainsmokers
https://open.spotify.com/track/6RUKPb4LETWmmr3iAEQktW,South America,2018W15,589800.0,Something Just Like This,The Chainsmokers
https://open.spotify.com/track/6RUKPb4LETWmmr3iAEQktW,Asia,2018W15,575305.0,Something Just Like This,The Chainsmokers
https://open.spotify.com/track/6RUKPb4LETWmmr3iAEQktW,North America,2018W15,402941.0,Something Just Like This,The Chainsmokers
https://open.spotify.com/track/6RUKPb4LETWmmr3iAEQktW,Oceania,2018W15,248433.0,Something Just Like This,The Chainsmokers
https://open.spotify.com/track/6RUKPb4LETWmmr3iAEQktW,GLOBAL,2018W16,5183929.0,Something Just Like This,The Chainsmokers
https://open.spotify.com/track/6RUKPb4LETWmmr3iAEQktW,Europe,2018W16,676923.0,Something Just Like This,The Chainsmokers
https://open.spotify.com/track/6RUKPb4LETWmmr3iAEQktW,South America,2018W16,582191.0,Something Just Like This,The Chainsmokers
https://open.spotify.com/track/6RUKPb4LETWmmr3iAEQktW,Asia,2018W16,573335.0,Something Just Like This,The Chainsmokers
https://open.spotify.com/track/6RUKPb4LETWmmr3iAEQktW,North America,2018W16,265372.0,Something Just Like This,The Chainsmokers
https://open.spotify.com/track/6RUKPb4LETWmmr3iAEQktW,Oceania,2018W16,222041.0,Something Just Like This,The Chainsmokers
https://open.spotify.com/track/6RUKPb4LETWmmr3iAEQktW,GLOBAL,2018W17,5082484.0,Something Just Like This,The Chainsmokers
https://open.spotify.com/track/6RUKPb4LETWmmr3iAEQktW,South America,2018W17,604714.0,Something Just Like This,The Chainsmokers
https://open.spotify.com/track/6RUKPb4LETWmmr3iAEQktW,Europe,2018W17,587801.0,Something Just Like This,The Chainsmokers
https://open.spotify.com/track/6RUKPb4LETWmmr3iAEQktW,Asia,2018W17,573442.0,Something Just Like This,The Chainsmokers
https://open.spotify.com/track/6RUKPb4LETWmmr3iAEQktW,Oceania,2018W17,242768.0,Something Just Like This,The Chainsmokers
https://open.spotify.com/track/6RUKPb4LETWmmr3iAEQktW,North America,2018W17,166579.0,Something Just Like This,The Chainsmokers
https://open.spotify.com/track/6RUKPb4LETWmmr3iAEQktW,GLOBAL,2018W18,4921243.0,Something Just Like This,The Chainsmokers
https://open.spotify.com/track/6RUKPb4LETWmmr3iAEQktW,Asia,2018W18,552708.0,Something Just Like This,The Chainsmokers
https://open.spotify.com/track/6RUKPb4LETWmmr3iAEQktW,South America,2018W18,547318.0,Something Just Like This,The Chainsmokers
https://open.spotify.com/track/6RUKPb4LETWmmr3iAEQktW,Europe,2018W18,505664.0,Something Just Like This,The Chainsmokers
https://open.spotify.com/track/6RUKPb4LETWmmr3iAEQktW,Oceania,2018W18,243016.99999999997,Something Just Like This,The Chainsmokers
https://open.spotify.com/track/6RUKPb4LETWmmr3iAEQktW,North America,2018W18,137318.0,Something Just Like This,The Chainsmokers
https://open.spotify.com/track/6RUKPb4LETWmmr3iAEQktW,GLOBAL,2018W19,4904051.0,Something Just Like This,The Chainsmokers
https://open.spotify.com/track/6RUKPb4LETWmmr3iAEQktW,South America,2018W19,536970.0,Something Just Like This,The Chainsmokers
https://open.spotify.com/track/6RUKPb4LETWmmr3iAEQktW,Asia,2018W19,518443.99999999994,Something Just Like This,The Chainsmokers
https://open.spotify.com/track/6RUKPb4LETWmmr3iAEQktW,Europe,2018W19,464736.0,Something Just Like This,The Chainsmokers
https://open.spotify.com/track/6RUKPb4LETWmmr3iAEQktW,Oceania,2018W19,214110.0,Something Just Like This,The Chainsmokers
https://open.spotify.com/track/6RUKPb4LETWmmr3iAEQktW,North America,2018W19,140091.0,Something Just Like This,The Chainsmokers
https://open.spotify.com/track/6RUKPb4LETWmmr3iAEQktW,GLOBAL,2018W20,4777972.0,Something Just Like This,The Chainsmokers
https://open.spotify.com/track/6RUKPb4LETWmmr3iAEQktW,Asia,2018W20,521302.0,Something Just Like This,The Chainsmokers
https://open.spotify.com/track/6RUKPb4LETWmmr3iAEQktW,South America,2018W20,505722.0,Something Just Like This,The Chainsmokers
https://open.spotify.com/track/6RUKPb4LETWmmr3iAEQktW,Europe,2018W20,438030.0,Something Just Like This,The Chainsmokers
https://open.spotify.com/track/6RUKPb4LETWmmr3iAEQktW,Oceania,2018W20,238547.0,Something Just Like This,The Chainsmokers
https://open.spotify.com/track/6RUKPb4LETWmmr3iAEQktW,North America,2018W20,63639.99999999999,Something Just Like This,The Chainsmokers
https://open.spotify.com/track/6RUKPb4LETWmmr3iAEQktW,GLOBAL,2018W21,4704706.0,Something Just Like This,The Chainsmokers
https://open.spotify.com/track/6RUKPb4LETWmmr3iAEQktW,Asia,2018W21,453828.0,Something Just Like This,The Chainsmokers
https://open.spotify.com/track/6RUKPb4LETWmmr3iAEQktW,Europe,2018W21,365439.0,Something Just Like This,The Chainsmokers
https://open.spotify.com/track/6RUKPb4LETWmmr3iAEQktW,South America,2018W21,325491.8333333334,Something Just Like This,The Chainsmokers
https://open.spotify.com/track/6RUKPb4LETWmmr3iAEQktW,Oceania,2018W21,234328.0,Something Just Like This,The Chainsmokers
https://open.spotify.com/track/6RUKPb4LETWmmr3iAEQktW,North America,2018W21,104118.0,Something Just Like This,The Chainsmokers
https://open.spotify.com/track/6RUKPb4LETWmmr3iAEQktW,GLOBAL,2018W22,4601842.0,Something Just Like This,The Chainsmokers
https://open.spotify.com/track/6RUKPb4LETWmmr3iAEQktW,South America,2018W22,391930.0,Something Just Like This,The Chainsmokers
https://open.spotify.com/track/6RUKPb4LETWmmr3iAEQktW,Asia,2018W22,386012.0,Something Just Like This,The Chainsmokers
https://open.spotify.com/track/6RUKPb4LETWmmr3iAEQktW,Europe,2018W22,277728.0,Something Just Like This,The Chainsmokers
https://open.spotify.com/track/6RUKPb4LETWmmr3iAEQktW,Oceania,2018W22,227287.0,Something Just Like This,The Chainsmokers
https://open.spotify.com/track/6RUKPb4LETWmmr3iAEQktW,North America,2018W22,89687.0,Something Just Like This,The Chainsmokers
https://open.spotify.com/track/6RUKPb4LETWmmr3iAEQktW,GLOBAL,2018W23,4540494.0,Something Just Like This,The Chainsmokers
https://open.spotify.com/track/6RUKPb4LETWmmr3iAEQktW,Asia,2018W23,361786.0,Something Just Like This,The Chainsmokers
https://open.spotify.com/track/6RUKPb4LETWmmr3iAEQktW,South America,2018W23,357950.8333333334,Something Just Like This,The Chainsmokers
https://open.spotify.com/track/6RUKPb4LETWmmr3iAEQktW,Europe,2018W23,240550.00000000003,Something Just Like This,The Chainsmokers
https://open.spotify.com/track/6RUKPb4LETWmmr3iAEQktW,Oceania,2018W23,230322.0,Something Just Like This,The Chainsmokers
https://open.spotify.com/track/6RUKPb4LETWmmr3iAEQktW,North America,2018W23,64203.0,Something Just Like This,The Chainsmokers
https://open.spotify.com/track/6RUKPb4LETWmmr3iAEQktW,GLOBAL,2018W24,4387100.0,Something Just Like This,The Chainsmokers
https://open.spotify.com/track/6RUKPb4LETWmmr3iAEQktW,South America,2018W24,353215.3333333334,Something Just Like This,The Chainsmokers
https://open.spotify.com/track/6RUKPb4LETWmmr3iAEQktW,Asia,2018W24,346057.0,Something Just Like This,The Chainsmokers
https://open.spotify.com/track/6RUKPb4LETWmmr3iAEQktW,Europe,2018W24,249715.0,Something Just Like This,The Chainsmokers
https://open.spotify.com/track/6RUKPb4LETWmmr3iAEQktW,Oceania,2018W24,230680.00000000003,Something Just Like This,The Chainsmokers
https://open.spotify.com/track/6RUKPb4LETWmmr3iAEQktW,North America,2018W24,35191.0,Something Just Like This,The Chainsmokers
https://open.spotify.com/track/6RUKPb4LETWmmr3iAEQktW,GLOBAL,2018W25,4368699.0,Something Just Like This,The Chainsmokers
https://open.spotify.com/track/6RUKPb4LETWmmr3iAEQktW,Asia,2018W25,338412.0,Something Just Like This,The Chainsmokers
https://open.spotify.com/track/6RUKPb4LETWmmr3iAEQktW,Europe,2018W25,236140.00000000003,Something Just Like This,The Chainsmokers
https://open.spotify.com/track/6RUKPb4LETWmmr3iAEQktW,Oceania,2018W25,233876.0,Something Just Like This,The Chainsmokers
https://open.spotify.com/track/6RUKPb4LETWmmr3iAEQktW,South America,2018W25,151008.19999999998,Something Just Like This,The Chainsmokers
https://open.spotify.com/track/6RUKPb4LETWmmr3iAEQktW,North America,2018W25,28942.999999999996,Something Just Like This,The Chainsmokers
https://open.spotify.com/track/6RUKPb4LETWmmr3iAEQktW,GLOBAL,2018W26,4375705.0,Something Just Like This,The Chainsmokers
https://open.spotify.com/track/6RUKPb4LETWmmr3iAEQktW,Asia,2018W26,341730.0,Something Just Like This,The Chainsmokers
https://open.spotify.com/track/6RUKPb4LETWmmr3iAEQktW,Europe,2018W26,275130.0,Something Just Like This,The Chainsmokers
https://open.spotify.com/track/6RUKPb4LETWmmr3iAEQktW,South America,2018W26,262110.80000000002,Something Just Like This,The Chainsmokers
https://open.spotify.com/track/6RUKPb4LETWmmr3iAEQktW,Oceania,2018W26,225006.0,Something Just Like This,The Chainsmokers
https://open.spotify.com/track/6RUKPb4LETWmmr3iAEQktW,North America,2018W26,31025.0,Something Just Like This,The Chainsmokers
https://open.spotify.com/track/6RUKPb4LETWmmr3iAEQktW,GLOBAL,2018W27,4376297.0,Something Just Like This,The Chainsmokers
https://open.spotify.com/track/6RUKPb4LETWmmr3iAEQktW,Asia,2018W27,349823.0,Something Just Like This,The Chainsmokers
https://open.spotify.com/track/6RUKPb4LETWmmr3iAEQktW,Europe,2018W27,270841.0,Something Just Like This,The Chainsmokers
https://open.spotify.com/track/6RUKPb4LETWmmr3iAEQktW,South America,2018W27,264646.2,Something Just Like This,The Chainsmokers
https://open.spotify.com/track/6RUKPb4LETWmmr3iAEQktW,Oceania,2018W27,231368.99999999997,Something Just Like This,The Chainsmokers
https://open.spotify.com/track/6RUKPb4LETWmmr3iAEQktW,North America,2018W27,35097.0,Something Just Like This,The Chainsmokers
https://open.spotify.com/track/6RUKPb4LETWmmr3iAEQktW,GLOBAL,2018W28,4389727.0,Something Just Like This,The Chainsmokers
https://open.spotify.com/track/6RUKPb4LETWmmr3iAEQktW,Asia,2018W28,355002.0,Something Just Like This,The Chainsmokers
https://open.spotify.com/track/6RUKPb4LETWmmr3iAEQktW,South America,2018W28,317212.0,Something Just Like This,The Chainsmokers
https://open.spotify.com/track/6RUKPb4LETWmmr3iAEQktW,Europe,2018W28,246052.00000000003,Something Just Like This,The Chainsmokers
https://open.spotify.com/track/6RUKPb4LETWmmr3iAEQktW,Oceania,2018W28,222774.0,Something Just Like This,The Chainsmokers
https://open.spotify.com/track/6RUKPb4LETWmmr3iAEQktW,North America,2018W28,96079.0,Something Just Like This,The Chainsmokers
https://open.spotify.com/track/6RUKPb4LETWmmr3iAEQktW,GLOBAL,2018W29,4492377.0,Something Just Like This,The Chainsmokers
https://open.spotify.com/track/6RUKPb4LETWmmr3iAEQktW,Asia,2018W29,414470.0,Something Just Like This,The Chainsmokers
https://open.spotify.com/track/6RUKPb4LETWmmr3iAEQktW,Europe,2018W29,247205.0,Something Just Like This,The Chainsmokers
https://open.spotify.com/track/6RUKPb4LETWmmr3iAEQktW,Oceania,2018W29,224446.0,Something Just Like This,The Chainsmokers
https://open.spotify.com/track/6RUKPb4LETWmmr3iAEQktW,South America,2018W29,152209.4,Something Just Like This,The Chainsmokers
https://open.spotify.com/track/6RUKPb4LETWmmr3iAEQktW,North America,2018W29,44393.0,Something Just Like This,The Chainsmokers
https://open.spotify.com/track/6RUKPb4LETWmmr3iAEQktW,GLOBAL,2018W30,4540941.0,Something Just Like This,The Chainsmokers
https://open.spotify.com/track/6RUKPb4LETWmmr3iAEQktW,Asia,2018W30,461910.0,Something Just Like This,The Chainsmokers
https://open.spotify.com/track/6RUKPb4LETWmmr3iAEQktW,South America,2018W30,241413.19999999998,Something Just Like This,The Chainsmokers
https://open.spotify.com/track/6RUKPb4LETWmmr3iAEQktW,Oceania,2018W30,232001.0,Something Just Like This,The Chainsmokers
https://open.spotify.com/track/6RUKPb4LETWmmr3iAEQktW,Europe,2018W30,228681.0,Something Just Like This,The Chainsmokers
https://open.spotify.com/track/6RUKPb4LETWmmr3iAEQktW,North America,2018W30,138890.0,Something Just Like This,The Chainsmokers
https://open.spotify.com/track/6RUKPb4LETWmmr3iAEQktW,GLOBAL,2018W31,4541604.0,Something Just Like This,The Chainsmokers
https://open.spotify.com/track/6RUKPb4LETWmmr3iAEQktW,Asia,2018W31,416906.0,Something Just Like This,The Chainsmokers
https://open.spotify.com/track/6RUKPb4LETWmmr3iAEQktW,North America,2018W31,313446.0,Something Just Like This,The Chainsmokers
https://open.spotify.com/track/6RUKPb4LETWmmr3iAEQktW,Europe,2018W31,253647.00000000003,Something Just Like This,The Chainsmokers
https://open.spotify.com/track/6RUKPb4LETWmmr3iAEQktW,Oceania,2018W31,249729.99999999997,Something Just Like This,The Chainsmokers
https://open.spotify.com/track/6RUKPb4LETWmmr3iAEQktW,South America,2018W31,131629.4,Something Just Like This,The Chainsmokers
https://open.spotify.com/track/6RUKPb4LETWmmr3iAEQktW,GLOBAL,2018W32,4477052.0,Something Just Like This,The Chainsmokers
https://open.spotify.com/track/6RUKPb4LETWmmr3iAEQktW,Asia,2018W32,405267.0,Something Just Like This,The Chainsmokers
https://open.spotify.com/track/6RUKPb4LETWmmr3iAEQktW,North America,2018W32,243190.0,Something Just Like This,The Chainsmokers
https://open.spotify.com/track/6RUKPb4LETWmmr3iAEQktW,Europe,2018W32,232518.0,Something Just Like This,The Chainsmokers
https://open.spotify.com/track/6RUKPb4LETWmmr3iAEQktW,Oceania,2018W32,223746.0,Something Just Like This,The Chainsmokers
https://open.spotify.com/track/6RUKPb4LETWmmr3iAEQktW,South America,2018W32,150907.0,Something Just Like This,The Chainsmokers
https://open.spotify.com/track/6RUKPb4LETWmmr3iAEQktW,GLOBAL,2018W33,4385327.0,Something Just Like This,The Chainsmokers
https://open.spotify.com/track/6RUKPb4LETWmmr3iAEQktW,Asia,2018W33,393451.0,Something Just Like This,The Chainsmokers
https://open.spotify.com/track/6RUKPb4LETWmmr3iAEQktW,North America,2018W33,237944.0,Something Just Like This,The Chainsmokers
https://open.spotify.com/track/6RUKPb4LETWmmr3iAEQktW,Oceania,2018W33,224987.0,Something Just Like This,The Chainsmokers
https://open.spotify.com/track/6RUKPb4LETWmmr3iAEQktW,Europe,2018W33,210627.0,Something Just Like This,The Chainsmokers
https://open.spotify.com/track/6RUKPb4LETWmmr3iAEQktW,South America,2018W33,48282.0,Something Just Like This,The Chainsmokers
https://open.spotify.com/track/6RUKPb4LETWmmr3iAEQktW,GLOBAL,2018W34,4367422.0,Something Just Like This,The Chainsmokers
https://open.spotify.com/track/6RUKPb4LETWmmr3iAEQktW,Asia,2018W34,373289.0,Something Just Like This,The Chainsmokers
https://open.spotify.com/track/6RUKPb4LETWmmr3iAEQktW,North America,2018W34,299608.0,Something Just Like This,The Chainsmokers
https://open.spotify.com/track/6RUKPb4LETWmmr3iAEQktW,Europe,2018W34,210068.0,Something Just Like This,The Chainsmokers
https://open.spotify.com/track/6RUKPb4LETWmmr3iAEQktW,Oceania,2018W34,200654.0,Something Just Like This,The Chainsmokers
https://open.spotify.com/track/6RUKPb4LETWmmr3iAEQktW,South America,2018W34,81619.0,Something Just Like This,The Chainsmokers
https://open.spotify.com/track/6RUKPb4LETWmmr3iAEQktW,GLOBAL,2018W35,4375787.0,Something Just Like This,The Chainsmokers
https://open.spotify.com/track/6RUKPb4LETWmmr3iAEQktW,Asia,2018W35,373969.0,Something Just Like This,The Chainsmokers
https://open.spotify.com/track/6RUKPb4LETWmmr3iAEQktW,North America,2018W35,247258.0,Something Just Like This,The Chainsmokers
https://open.spotify.com/track/6RUKPb4LETWmmr3iAEQktW,Europe,2018W35,232700.0,Something Just Like This,The Chainsmokers
https://open.spotify.com/track/6RUKPb4LETWmmr3iAEQktW,Oceania,2018W35,197688.1666666667,Something Just Like This,The Chainsmokers
https://open.spotify.com/track/6RUKPb4LETWmmr3iAEQktW,South America,2018W35,130944.0,Something Just Like This,The Chainsmokers
https://open.spotify.com/track/6RUKPb4LETWmmr3iAEQktW,GLOBAL,2018W36,4266038.0,Something Just Like This,The Chainsmokers
https://open.spotify.com/track/6RUKPb4LETWmmr3iAEQktW,Asia,2018W36,391897.0,Something Just Like This,The Chainsmokers
https://open.spotify.com/track/6RUKPb4LETWmmr3iAEQktW,Oceania,2018W36,219105.25,Something Just Like This,The Chainsmokers
https://open.spotify.com/track/6RUKPb4LETWmmr3iAEQktW,Europe,2018W36,202571.0,Something Just Like This,The Chainsmokers
https://open.spotify.com/track/6RUKPb4LETWmmr3iAEQktW,North America,2018W36,188044.0,Something Just Like This,The Chainsmokers
https://open.spotify.com/track/6RUKPb4LETWmmr3iAEQktW,South America,2018W36,63211.40000000001,Something Just Like This,The Chainsmokers
https://open.spotify.com/track/6RUKPb4LETWmmr3iAEQktW,GLOBAL,2018W37,4314964.5,Something Just Like This,The Chainsmokers
https://open.spotify.com/track/6RUKPb4LETWmmr3iAEQktW,Asia,2018W37,399330.75,Something Just Like This,The Chainsmokers
https://open.spotify.com/track/6RUKPb4LETWmmr3iAEQktW,Oceania,2018W37,223563.6666666667,Something Just Like This,The Chainsmokers
https://open.spotify.com/track/6RUKPb4LETWmmr3iAEQktW,Europe,2018W37,160585.25,Something Just Like This,The Chainsmokers
https://open.spotify.com/track/6RUKPb4LETWmmr3iAEQktW,South America,2018W37,116441.5,Something Just Like This,The Chainsmokers
https://open.spotify.com/track/6RUKPb4LETWmmr3iAEQktW,North America,2018W37,41298.25,Something Just Like This,The Chainsmokers
